[
{
  "model": "customers.customer",
  "pk": 1,
  "fields": {
    "name": "Carlos",
    "lastname": "Lopez",
    "nit": "1001",
    "email": "carlos1@mail.com",
    "phone": "300000001",
    "created_at": "2026-03-31T04:12:51.936Z",
    "user": null
  }
},
{
  "model": "customers.customer",
  "pk": 2,
  "fields": {
    "name": "Ana",
    "lastname": "Martinez",
    "nit": "1002",
    "email": "ana2@mail.com",
    "phone": "300000002",
    "created_at": "2026-03-31T04:12:51.942Z",
    "user": null
  }
},
{
  "model": "customers.customer",
  "pk": 3,
  "fields": {
    "name": "Luis",
    "lastname": "Gomez",
    "nit": "1003",
    "email": "luis3@mail.com",
    "phone": "300000003",
    "created_at": "2026-03-31T04:12:51.947Z",
    "user": null
  }
},
{
  "model": "customers.customer",
  "pk": 4,
  "fields": {
    "name": "Maria",
    "lastname": "Rodriguez",
    "nit": "1004",
    "email": "maria4@mail.com",
    "phone": "300000004",
    "created_at": "2026-03-31T04:12:51.953Z",
    "user": null
  }
},
{
  "model": "customers.customer",
  "pk": 5,
  "fields": {
    "name": "Pedro",
    "lastname": "Ramirez",
    "nit": "1005",
    "email": "pedro5@mail.com",
    "phone": "300000005",
    "created_at": "2026-03-31T04:12:51.960Z",
    "user": null
  }
},
{
  "model": "customers.customer",
  "pk": 6,
  "fields": {
    "name": "Laura",
    "lastname": "Torres",
    "nit": "1006",
    "email": "laura6@mail.com",
    "phone": "300000006",
    "created_at": "2026-03-31T04:12:51.965Z",
    "user": null
  }
},
{
  "model": "customers.customer",
  "pk": 7,
  "fields": {
    "name": "Jorge",
    "lastname": "Diaz",
    "nit": "1007",
    "email": "jorge7@mail.com",
    "phone": "300000007",
    "created_at": "2026-03-31T04:12:51.970Z",
    "user": null
  }
},
{
  "model": "customers.customer",
  "pk": 8,
  "fields": {
    "name": "Sofia",
    "lastname": "Castro",
    "nit": "1008",
    "email": "sofia8@mail.com",
    "phone": "300000008",
    "created_at": "2026-03-31T04:12:51.975Z",
    "user": null
  }
},
{
  "model": "customers.customer",
  "pk": 9,
  "fields": {
    "name": "Andres",
    "lastname": "Morales",
    "nit": "1009",
    "email": "andres9@mail.com",
    "phone": "300000009",
    "created_at": "2026-03-31T04:12:51.978Z",
    "user": null
  }
},
{
  "model": "customers.customer",
  "pk": 10,
  "fields": {
    "name": "Valentina",
    "lastname": "Rojas",
    "nit": "1010",
    "email": "valentina10@mail.com",
    "phone": "300000010",
    "created_at": "2026-03-31T04:12:51.982Z",
    "user": null
  }
},
{
  "model": "customers.customer",
  "pk": 11,
  "fields": {
    "name": "Pepe",
    "lastname": "Mujica",
    "nit": "55555545",
    "email": "mujica@gmail.com",
    "phone": "9988875544",
    "created_at": "2026-04-01T22:32:53.791Z",
    "user": null
  }
},
{
  "model": "products.category",
  "pk": 1,
  "fields": {
    "name": "Tecnología"
  }
},
{
  "model": "products.category",
  "pk": 2,
  "fields": {
    "name": "Ropa"
  }
},
{
  "model": "products.category",
  "pk": 3,
  "fields": {
    "name": "Hogar"
  }
},
{
  "model": "products.category",
  "pk": 4,
  "fields": {
    "name": "Accesorios"
  }
},
{
  "model": "products.category",
  "pk": 5,
  "fields": {
    "name": "Oficina"
  }
},
{
  "model": "products.product",
  "pk": 1,
  "fields": {
    "name": "Laptop Lenovo i5",
    "price": "2500000.00",
    "stock_quantity": 8,
    "description": "Portátil 8GB RAM 512GB SSD",
    "category": 1
  }
},
{
  "model": "products.product",
  "pk": 2,
  "fields": {
    "name": "Mouse Inalámbrico",
    "price": "45000.00",
    "stock_quantity": 50,
    "description": "Mouse ergonómico USB",
    "category": 1
  }
},
{
  "model": "products.product",
  "pk": 3,
  "fields": {
    "name": "Teclado Mecánico RGB",
    "price": "120000.00",
    "stock_quantity": 30,
    "description": "Teclado gamer retroiluminado",
    "category": 1
  }
},
{
  "model": "products.product",
  "pk": 4,
  "fields": {
    "name": "Camiseta Básica",
    "price": "35000.00",
    "stock_quantity": 98,
    "description": "Algodón 100%",
    "category": 2
  }
},
{
  "model": "products.product",
  "pk": 5,
  "fields": {
    "name": "Jeans Slim Fit",
    "price": "90000.00",
    "stock_quantity": 60,
    "description": "Denim azul oscuro",
    "category": 2
  }
},
{
  "model": "products.product",
  "pk": 6,
  "fields": {
    "name": "Silla Plástica",
    "price": "25000.00",
    "stock_quantity": 80,
    "description": "Resistente color blanco",
    "category": 3
  }
},
{
  "model": "products.product",
  "pk": 7,
  "fields": {
    "name": "Mesa Plegable",
    "price": "120000.00",
    "stock_quantity": 20,
    "description": "Ideal para espacios pequeńos",
    "category": 3
  }
},
{
  "model": "products.product",
  "pk": 8,
  "fields": {
    "name": "Reloj Digital",
    "price": "75000.00",
    "stock_quantity": 40,
    "description": "Resistente al agua",
    "category": 4
  }
},
{
  "model": "products.product",
  "pk": 9,
  "fields": {
    "name": "Gorra Negra",
    "price": "20000.00",
    "stock_quantity": 70,
    "description": "Ajustable",
    "category": 4
  }
},
{
  "model": "products.product",
  "pk": 10,
  "fields": {
    "name": "Cuaderno Profesional",
    "price": "15000.00",
    "stock_quantity": 200,
    "description": "100 hojas",
    "category": 5
  }
},
{
  "model": "products.product",
  "pk": 11,
  "fields": {
    "name": "Lapicero Azul",
    "price": "2000.00",
    "stock_quantity": 470,
    "description": "Tinta líquida",
    "category": 5
  }
},
{
  "model": "sales.sale",
  "pk": 1,
  "fields": {
    "date": "2026-03-31T04:15:32.107Z",
    "total": "15000.00",
    "payment_method": "card",
    "customer": 4,
    "user": 1
  }
},
{
  "model": "sales.sale",
  "pk": 2,
  "fields": {
    "date": "2026-03-31T04:15:32.124Z",
    "total": "5000000.00",
    "payment_method": "card",
    "customer": 3,
    "user": 1
  }
},
{
  "model": "sales.sale",
  "pk": 3,
  "fields": {
    "date": "2026-03-31T04:15:32.132Z",
    "total": "90000.00",
    "payment_method": "transfer",
    "customer": 8,
    "user": 1
  }
},
{
  "model": "sales.sale",
  "pk": 4,
  "fields": {
    "date": "2026-03-31T04:15:32.136Z",
    "total": "180000.00",
    "payment_method": "transfer",
    "customer": 4,
    "user": 1
  }
},
{
  "model": "sales.sale",
  "pk": 5,
  "fields": {
    "date": "2026-03-31T04:15:32.140Z",
    "total": "860000.00",
    "payment_method": "transfer",
    "customer": 2,
    "user": 1
  }
},
{
  "model": "sales.sale",
  "pk": 6,
  "fields": {
    "date": "2026-03-31T04:15:32.148Z",
    "total": "195000.00",
    "payment_method": "card",
    "customer": 10,
    "user": 1
  }
},
{
  "model": "sales.sale",
  "pk": 7,
  "fields": {
    "date": "2026-03-31T04:15:32.155Z",
    "total": "260000.00",
    "payment_method": "cash",
    "customer": 6,
    "user": 1
  }
},
{
  "model": "sales.sale",
  "pk": 8,
  "fields": {
    "date": "2026-03-31T04:15:32.161Z",
    "total": "715000.00",
    "payment_method": "cash",
    "customer": 7,
    "user": 1
  }
},
{
  "model": "sales.sale",
  "pk": 9,
  "fields": {
    "date": "2026-03-31T04:15:32.168Z",
    "total": "375000.00",
    "payment_method": "card",
    "customer": 4,
    "user": 1
  }
},
{
  "model": "sales.sale",
  "pk": 10,
  "fields": {
    "date": "2026-03-31T04:15:32.173Z",
    "total": "51000.00",
    "payment_method": "cash",
    "customer": 2,
    "user": 1
  }
},
{
  "model": "sales.sale",
  "pk": 11,
  "fields": {
    "date": "2026-03-31T04:15:32.179Z",
    "total": "35000.00",
    "payment_method": "cash",
    "customer": 5,
    "user": 1
  }
},
{
  "model": "sales.sale",
  "pk": 12,
  "fields": {
    "date": "2026-03-31T04:15:32.183Z",
    "total": "745000.00",
    "payment_method": "card",
    "customer": 4,
    "user": 1
  }
},
{
  "model": "sales.sale",
  "pk": 13,
  "fields": {
    "date": "2026-03-31T04:15:32.192Z",
    "total": "290000.00",
    "payment_method": "card",
    "customer": 7,
    "user": 1
  }
},
{
  "model": "sales.sale",
  "pk": 14,
  "fields": {
    "date": "2026-03-31T04:15:32.198Z",
    "total": "2000.00",
    "payment_method": "cash",
    "customer": 10,
    "user": 1
  }
},
{
  "model": "sales.sale",
  "pk": 15,
  "fields": {
    "date": "2026-03-31T04:15:32.202Z",
    "total": "240000.00",
    "payment_method": "card",
    "customer": 7,
    "user": 1
  }
},
{
  "model": "sales.sale",
  "pk": 16,
  "fields": {
    "date": "2026-03-31T04:15:32.207Z",
    "total": "750000.00",
    "payment_method": "card",
    "customer": 3,
    "user": 1
  }
},
{
  "model": "sales.sale",
  "pk": 17,
  "fields": {
    "date": "2026-03-31T04:15:32.214Z",
    "total": "15000.00",
    "payment_method": "transfer",
    "customer": 8,
    "user": 1
  }
},
{
  "model": "sales.sale",
  "pk": 18,
  "fields": {
    "date": "2026-03-31T04:15:32.218Z",
    "total": "405000.00",
    "payment_method": "card",
    "customer": 9,
    "user": 1
  }
},
{
  "model": "sales.sale",
  "pk": 19,
  "fields": {
    "date": "2026-03-31T04:15:32.224Z",
    "total": "488000.00",
    "payment_method": "transfer",
    "customer": 7,
    "user": 1
  }
},
{
  "model": "sales.sale",
  "pk": 20,
  "fields": {
    "date": "2026-03-31T04:15:32.230Z",
    "total": "7890000.00",
    "payment_method": "cash",
    "customer": 6,
    "user": 1
  }
},
{
  "model": "sales.sale",
  "pk": 21,
  "fields": {
    "date": "2026-04-01T22:12:26.360Z",
    "total": "0.00",
    "payment_method": "cash",
    "customer": 1,
    "user": 1
  }
},
{
  "model": "sales.sale",
  "pk": 22,
  "fields": {
    "date": "2026-04-01T22:18:17.774Z",
    "total": "5000000.00",
    "payment_method": "cash",
    "customer": 1,
    "user": 1
  }
},
{
  "model": "sales.sale",
  "pk": 23,
  "fields": {
    "date": "2026-04-01T22:18:17.822Z",
    "total": "45000.00",
    "payment_method": "card",
    "customer": 2,
    "user": 1
  }
},
{
  "model": "sales.sale",
  "pk": 24,
  "fields": {
    "date": "2026-04-01T22:18:17.855Z",
    "total": "360000.00",
    "payment_method": "transfer",
    "customer": 3,
    "user": 1
  }
},
{
  "model": "sales.sale",
  "pk": 25,
  "fields": {
    "date": "2026-04-01T22:18:17.884Z",
    "total": "70000.00",
    "payment_method": "cash",
    "customer": 4,
    "user": 1
  }
},
{
  "model": "sales.sale",
  "pk": 26,
  "fields": {
    "date": "2026-04-01T22:47:50.109Z",
    "total": "120000.00",
    "payment_method": "cash",
    "customer": 11,
    "user": 1
  }
},
{
  "model": "sales.sale",
  "pk": 27,
  "fields": {
    "date": "2026-04-02T02:29:10.187Z",
    "total": "70000.00",
    "payment_method": "transfer",
    "customer": 7,
    "user": 1
  }
},
{
  "model": "sales.sale",
  "pk": 28,
  "fields": {
    "date": "2026-04-03T20:27:24.421Z",
    "total": "5000000.00",
    "payment_method": "cash",
    "customer": 1,
    "user": 1
  }
},
{
  "model": "sales.sale",
  "pk": 29,
  "fields": {
    "date": "2026-04-03T20:27:24.445Z",
    "total": "45000.00",
    "payment_method": "card",
    "customer": 2,
    "user": 1
  }
},
{
  "model": "sales.sale",
  "pk": 30,
  "fields": {
    "date": "2026-04-03T20:27:24.459Z",
    "total": "360000.00",
    "payment_method": "transfer",
    "customer": 1,
    "user": 1
  }
},
{
  "model": "sales.sale",
  "pk": 31,
  "fields": {
    "date": "2026-04-03T20:27:24.465Z",
    "total": "70000.00",
    "payment_method": "cash",
    "customer": 2,
    "user": 1
  }
},
{
  "model": "sales.sale",
  "pk": 32,
  "fields": {
    "date": "2026-04-09T03:33:01.179Z",
    "total": "5000000.00",
    "payment_method": "transfer",
    "customer": 6,
    "user": 1
  }
},
{
  "model": "sales.sale",
  "pk": 33,
  "fields": {
    "date": "2026-04-12T21:46:48.200Z",
    "total": "60000.00",
    "payment_method": "transfer",
    "customer": 1,
    "user": 1
  }
},
{
  "model": "sales.saledetail",
  "pk": 1,
  "fields": {
    "quantity": 1,
    "unit_price": "15000.00",
    "subtotal": "15000.00",
    "sale": 1,
    "product": 10
  }
},
{
  "model": "sales.saledetail",
  "pk": 2,
  "fields": {
    "quantity": 2,
    "unit_price": "2500000.00",
    "subtotal": "5000000.00",
    "sale": 2,
    "product": 1
  }
},
{
  "model": "sales.saledetail",
  "pk": 3,
  "fields": {
    "quantity": 2,
    "unit_price": "45000.00",
    "subtotal": "90000.00",
    "sale": 3,
    "product": 2
  }
},
{
  "model": "sales.saledetail",
  "pk": 4,
  "fields": {
    "quantity": 2,
    "unit_price": "90000.00",
    "subtotal": "180000.00",
    "sale": 4,
    "product": 5
  }
},
{
  "model": "sales.saledetail",
  "pk": 5,
  "fields": {
    "quantity": 5,
    "unit_price": "120000.00",
    "subtotal": "600000.00",
    "sale": 5,
    "product": 7
  }
},
{
  "model": "sales.saledetail",
  "pk": 6,
  "fields": {
    "quantity": 1,
    "unit_price": "20000.00",
    "subtotal": "20000.00",
    "sale": 5,
    "product": 9
  }
},
{
  "model": "sales.saledetail",
  "pk": 7,
  "fields": {
    "quantity": 2,
    "unit_price": "120000.00",
    "subtotal": "240000.00",
    "sale": 5,
    "product": 7
  }
},
{
  "model": "sales.saledetail",
  "pk": 8,
  "fields": {
    "quantity": 3,
    "unit_price": "25000.00",
    "subtotal": "75000.00",
    "sale": 6,
    "product": 6
  }
},
{
  "model": "sales.saledetail",
  "pk": 9,
  "fields": {
    "quantity": 3,
    "unit_price": "25000.00",
    "subtotal": "75000.00",
    "sale": 6,
    "product": 6
  }
},
{
  "model": "sales.saledetail",
  "pk": 10,
  "fields": {
    "quantity": 1,
    "unit_price": "45000.00",
    "subtotal": "45000.00",
    "sale": 6,
    "product": 2
  }
},
{
  "model": "sales.saledetail",
  "pk": 11,
  "fields": {
    "quantity": 4,
    "unit_price": "20000.00",
    "subtotal": "80000.00",
    "sale": 7,
    "product": 9
  }
},
{
  "model": "sales.saledetail",
  "pk": 12,
  "fields": {
    "quantity": 2,
    "unit_price": "90000.00",
    "subtotal": "180000.00",
    "sale": 7,
    "product": 5
  }
},
{
  "model": "sales.saledetail",
  "pk": 13,
  "fields": {
    "quantity": 5,
    "unit_price": "90000.00",
    "subtotal": "450000.00",
    "sale": 8,
    "product": 5
  }
},
{
  "model": "sales.saledetail",
  "pk": 14,
  "fields": {
    "quantity": 2,
    "unit_price": "120000.00",
    "subtotal": "240000.00",
    "sale": 8,
    "product": 7
  }
},
{
  "model": "sales.saledetail",
  "pk": 15,
  "fields": {
    "quantity": 1,
    "unit_price": "25000.00",
    "subtotal": "25000.00",
    "sale": 8,
    "product": 6
  }
},
{
  "model": "sales.saledetail",
  "pk": 16,
  "fields": {
    "quantity": 1,
    "unit_price": "75000.00",
    "subtotal": "75000.00",
    "sale": 9,
    "product": 8
  }
},
{
  "model": "sales.saledetail",
  "pk": 17,
  "fields": {
    "quantity": 4,
    "unit_price": "75000.00",
    "subtotal": "300000.00",
    "sale": 9,
    "product": 8
  }
},
{
  "model": "sales.saledetail",
  "pk": 18,
  "fields": {
    "quantity": 3,
    "unit_price": "2000.00",
    "subtotal": "6000.00",
    "sale": 10,
    "product": 11
  }
},
{
  "model": "sales.saledetail",
  "pk": 19,
  "fields": {
    "quantity": 3,
    "unit_price": "15000.00",
    "subtotal": "45000.00",
    "sale": 10,
    "product": 10
  }
},
{
  "model": "sales.saledetail",
  "pk": 20,
  "fields": {
    "quantity": 1,
    "unit_price": "35000.00",
    "subtotal": "35000.00",
    "sale": 11,
    "product": 4
  }
},
{
  "model": "sales.saledetail",
  "pk": 21,
  "fields": {
    "quantity": 2,
    "unit_price": "120000.00",
    "subtotal": "240000.00",
    "sale": 12,
    "product": 7
  }
},
{
  "model": "sales.saledetail",
  "pk": 22,
  "fields": {
    "quantity": 1,
    "unit_price": "25000.00",
    "subtotal": "25000.00",
    "sale": 12,
    "product": 6
  }
},
{
  "model": "sales.saledetail",
  "pk": 23,
  "fields": {
    "quantity": 4,
    "unit_price": "120000.00",
    "subtotal": "480000.00",
    "sale": 12,
    "product": 7
  }
},
{
  "model": "sales.saledetail",
  "pk": 24,
  "fields": {
    "quantity": 2,
    "unit_price": "120000.00",
    "subtotal": "240000.00",
    "sale": 13,
    "product": 7
  }
},
{
  "model": "sales.saledetail",
  "pk": 25,
  "fields": {
    "quantity": 2,
    "unit_price": "25000.00",
    "subtotal": "50000.00",
    "sale": 13,
    "product": 6
  }
},
{
  "model": "sales.saledetail",
  "pk": 26,
  "fields": {
    "quantity": 1,
    "unit_price": "2000.00",
    "subtotal": "2000.00",
    "sale": 14,
    "product": 11
  }
},
{
  "model": "sales.saledetail",
  "pk": 27,
  "fields": {
    "quantity": 2,
    "unit_price": "120000.00",
    "subtotal": "240000.00",
    "sale": 15,
    "product": 7
  }
},
{
  "model": "sales.saledetail",
  "pk": 28,
  "fields": {
    "quantity": 3,
    "unit_price": "20000.00",
    "subtotal": "60000.00",
    "sale": 16,
    "product": 9
  }
},
{
  "model": "sales.saledetail",
  "pk": 29,
  "fields": {
    "quantity": 5,
    "unit_price": "90000.00",
    "subtotal": "450000.00",
    "sale": 16,
    "product": 5
  }
},
{
  "model": "sales.saledetail",
  "pk": 30,
  "fields": {
    "quantity": 2,
    "unit_price": "120000.00",
    "subtotal": "240000.00",
    "sale": 16,
    "product": 3
  }
},
{
  "model": "sales.saledetail",
  "pk": 31,
  "fields": {
    "quantity": 1,
    "unit_price": "15000.00",
    "subtotal": "15000.00",
    "sale": 17,
    "product": 10
  }
},
{
  "model": "sales.saledetail",
  "pk": 32,
  "fields": {
    "quantity": 4,
    "unit_price": "45000.00",
    "subtotal": "180000.00",
    "sale": 18,
    "product": 2
  }
},
{
  "model": "sales.saledetail",
  "pk": 33,
  "fields": {
    "quantity": 3,
    "unit_price": "75000.00",
    "subtotal": "225000.00",
    "sale": 18,
    "product": 8
  }
},
{
  "model": "sales.saledetail",
  "pk": 34,
  "fields": {
    "quantity": 4,
    "unit_price": "120000.00",
    "subtotal": "480000.00",
    "sale": 19,
    "product": 7
  }
},
{
  "model": "sales.saledetail",
  "pk": 35,
  "fields": {
    "quantity": 4,
    "unit_price": "2000.00",
    "subtotal": "8000.00",
    "sale": 19,
    "product": 11
  }
},
{
  "model": "sales.saledetail",
  "pk": 36,
  "fields": {
    "quantity": 3,
    "unit_price": "120000.00",
    "subtotal": "360000.00",
    "sale": 20,
    "product": 7
  }
},
{
  "model": "sales.saledetail",
  "pk": 37,
  "fields": {
    "quantity": 2,
    "unit_price": "15000.00",
    "subtotal": "30000.00",
    "sale": 20,
    "product": 10
  }
},
{
  "model": "sales.saledetail",
  "pk": 38,
  "fields": {
    "quantity": 3,
    "unit_price": "2500000.00",
    "subtotal": "7500000.00",
    "sale": 20,
    "product": 1
  }
},
{
  "model": "sales.saledetail",
  "pk": 39,
  "fields": {
    "quantity": 2,
    "unit_price": "2500000.00",
    "subtotal": "5000000.00",
    "sale": 22,
    "product": 1
  }
},
{
  "model": "sales.saledetail",
  "pk": 40,
  "fields": {
    "quantity": 1,
    "unit_price": "45000.00",
    "subtotal": "45000.00",
    "sale": 23,
    "product": 2
  }
},
{
  "model": "sales.saledetail",
  "pk": 41,
  "fields": {
    "quantity": 3,
    "unit_price": "120000.00",
    "subtotal": "360000.00",
    "sale": 24,
    "product": 3
  }
},
{
  "model": "sales.saledetail",
  "pk": 42,
  "fields": {
    "quantity": 2,
    "unit_price": "35000.00",
    "subtotal": "70000.00",
    "sale": 25,
    "product": 4
  }
},
{
  "model": "sales.saledetail",
  "pk": 43,
  "fields": {
    "quantity": 2,
    "unit_price": "20000.00",
    "subtotal": "40000.00",
    "sale": 26,
    "product": 9
  }
},
{
  "model": "sales.saledetail",
  "pk": 44,
  "fields": {
    "quantity": 1,
    "unit_price": "45000.00",
    "subtotal": "45000.00",
    "sale": 26,
    "product": 2
  }
},
{
  "model": "sales.saledetail",
  "pk": 45,
  "fields": {
    "quantity": 1,
    "unit_price": "35000.00",
    "subtotal": "35000.00",
    "sale": 26,
    "product": 4
  }
},
{
  "model": "sales.saledetail",
  "pk": 46,
  "fields": {
    "quantity": 2,
    "unit_price": "35000.00",
    "subtotal": "70000.00",
    "sale": 27,
    "product": 4
  }
},
{
  "model": "sales.saledetail",
  "pk": 47,
  "fields": {
    "quantity": 2,
    "unit_price": "2500000.00",
    "subtotal": "5000000.00",
    "sale": 28,
    "product": 1
  }
},
{
  "model": "sales.saledetail",
  "pk": 48,
  "fields": {
    "quantity": 1,
    "unit_price": "45000.00",
    "subtotal": "45000.00",
    "sale": 29,
    "product": 2
  }
},
{
  "model": "sales.saledetail",
  "pk": 49,
  "fields": {
    "quantity": 3,
    "unit_price": "120000.00",
    "subtotal": "360000.00",
    "sale": 30,
    "product": 3
  }
},
{
  "model": "sales.saledetail",
  "pk": 50,
  "fields": {
    "quantity": 2,
    "unit_price": "35000.00",
    "subtotal": "70000.00",
    "sale": 31,
    "product": 4
  }
},
{
  "model": "sales.saledetail",
  "pk": 51,
  "fields": {
    "quantity": 2,
    "unit_price": "2500000.00",
    "subtotal": "5000000.00",
    "sale": 32,
    "product": 1
  }
},
{
  "model": "sales.saledetail",
  "pk": 52,
  "fields": {
    "quantity": 30,
    "unit_price": "2000.00",
    "subtotal": "60000.00",
    "sale": 33,
    "product": 11
  }
}
]
